[{"pos_x": 114.9604, "pos_y": -29.8196, "rotation": 90.0, "side": "top", "designator": "R_{SENSEA}1", "mpn": null, "pack": "R_0612_1632Metric", "value": "5m 1% 2W", "mount_type": "smt", "place": true}, {"pos_x": 60.0, "pos_y": -24.25, "rotation": 0.0, "side": "top", "designator": "J5", "mpn": null, "pack": "MountingHole_3.5mm_Pad", "value": "Screw_Terminal_01x01", "mount_type": "tht", "place": true}, {"pos_x": 104.4702, "pos_y": -33.7077, "rotation": 90.0, "side": "top", "designator": "R_{G1A}1", "mpn": null, "pack": "R_0805_2012Metric", "value": "10", "mount_type": "smt", "place": true}, {"pos_x": 45.0088, "pos_y": -34.2099, "rotation": 0.0, "side": "top", "designator": "R6", "mpn": null, "pack": "R_0805_2012Metric", "value": "5,1k", "mount_type": "smt", "place": true}, {"pos_x": 114.539078, "pos_y": -33.607644, "rotation": 0.0, "side": "top", "designator": "K_{A}1", "mpn": null, "pack": "DMS0008A", "value": "CSD87313DMS", "mount_type": "smt", "place": true}, {"pos_x": 29.6388, "pos_y": -35.4799, "rotation": 180.0, "side": "top", "designator": "SW2", "mpn": null, "pack": "Panasonic_EVQPUK_EVQPUB", "value": "SW_DIP_x01", "mount_type": "smt", "place": true}, {"pos_x": 40.6388, "pos_y": -36.7499, "rotation": 180.0, "side": "top", "designator": "D_{InB}1", "mpn": null, "pack": "LED_Kingbright_APFA3010_3x1.5mm_Horizontal", "value": "APFA3010", "mount_type": "smt", "place": true}, {"pos_x": 110.49, "pos_y": -34.29, "rotation": 180.0, "side": "top", "designator": "R1", "mpn": null, "pack": "R_0805_2012Metric", "value": "6,8k", "mount_type": "smt", "place": true}, {"pos_x": 51.022844, "pos_y": -33.537965, "rotation": 180.0, "side": "top", "designator": "K_{B}1", "mpn": null, "pack": "DMS0008A", "value": "CSD87313DMS", "mount_type": "smt", "place": true}, {"pos_x": 51.5, "pos_y": -24.25, "rotation": 0.0, "side": "top", "designator": "J6", "mpn": null, "pack": "MountingHole_3.5mm_Pad", "value": "Screw_Terminal_01x01", "mount_type": "tht", "place": true}, {"pos_x": 45.0088, "pos_y": -36.1696, "rotation": 0.0, "side": "top", "designator": "R5", "mpn": null, "pack": "R_0805_2012Metric", "value": "6,8k", "mount_type": "smt", "place": true}, {"pos_x": 118.7196, "pos_y": -32.0802, "rotation": -90.0, "side": "top", "designator": "R3", "mpn": null, "pack": "R_0805_2012Metric", "value": "330k", "mount_type": "smt", "place": true}, {"pos_x": 92.837, "pos_y": -28.5496, "rotation": 180.0, "side": "top", "designator": "C_{INT}1", "mpn": null, "pack": "C_0805_2012Metric", "value": "100n", "mount_type": "smt", "place": true}, {"pos_x": 86.9188, "pos_y": -35.6616, "rotation": 180.0, "side": "top", "designator": "R_{SETB}1", "mpn": null, "pack": "R_0805_2012Metric", "value": "680 1%", "mount_type": "smt", "place": true}, {"pos_x": 58.7248, "pos_y": -33.9852, "rotation": -90.0, "side": "top", "designator": "R_{G1B}1", "mpn": null, "pack": "R_0805_2012Metric", "value": "10", "mount_type": "smt", "place": true}, {"pos_x": 43.5, "pos_y": -24.25, "rotation": 0.0, "side": "top", "designator": "J7", "mpn": null, "pack": "MountingHole_3.5mm_Pad", "value": "Screw_Terminal_01x01", "mount_type": "tht", "place": true}, {"pos_x": 106.5, "pos_y": -24.25, "rotation": 0.0, "side": "top", "designator": "J1", "mpn": null, "pack": "MountingHole_3.5mm_Pad", "value": "Screw_Terminal_01x01", "mount_type": "tht", "place": true}, {"pos_x": 34.5948, "pos_y": -35.4799, "rotation": -90.0, "side": "top", "designator": "R8", "mpn": null, "pack": "R_0805_2012Metric", "value": "68k", "mount_type": "smt", "place": true}, {"pos_x": 56.6928, "pos_y": -33.9852, "rotation": -90.0, "side": "top", "designator": "R_{G2B}1", "mpn": null, "pack": "R_0805_2012Metric", "value": "10", "mount_type": "smt", "place": true}, {"pos_x": 88.9762, "pos_y": -29.0068, "rotation": 180.0, "side": "top", "designator": "R_{MON}1", "mpn": null, "pack": "R_0805_2012Metric", "value": "6,8k", "mount_type": "smt", "place": true}, {"pos_x": 100.6856, "pos_y": -33.1216, "rotation": 0.0, "side": "top", "designator": "C_{TA}1", "mpn": null, "pack": "C_0805_2012Metric", "value": "47n", "mount_type": "smt", "place": true}, {"pos_x": 120.8024, "pos_y": -35.56, "rotation": -90.0, "side": "top", "designator": "R4", "mpn": null, "pack": "R_0805_2012Metric", "value": "68k", "mount_type": "smt", "place": true}, {"pos_x": 126.0, "pos_y": -35.56, "rotation": 180.0, "side": "top", "designator": "SW1", "mpn": null, "pack": "Panasonic_EVQPUK_EVQPUB", "value": "SW_DIP_x01", "mount_type": "smt", "place": true}, {"pos_x": 35.0, "pos_y": -24.25, "rotation": 0.0, "side": "top", "designator": "J4", "mpn": null, "pack": "MountingHole_3.5mm_Pad", "value": "Screw_Terminal_01x01", "mount_type": "tht", "place": true}, {"pos_x": 87.63, "pos_y": -31.0134, "rotation": 180.0, "side": "top", "designator": "C_{TB}1", "mpn": null, "pack": "C_0805_2012Metric", "value": "47n", "mount_type": "smt", "place": true}, {"pos_x": 115.0, "pos_y": -36.83, "rotation": 180.0, "side": "top", "designator": "D_{InA}1", "mpn": null, "pack": "LED_Kingbright_APFA3010_3x1.5mm_Horizontal", "value": "APFA3010", "mount_type": "smt", "place": true}, {"pos_x": 36.6268, "pos_y": -35.4799, "rotation": -90.0, "side": "top", "designator": "C2", "mpn": null, "pack": "C_0805_2012Metric", "value": "47nf", "mount_type": "smt", "place": true}, {"pos_x": 93.2942, "pos_y": -33.4014, "rotation": -90.0, "side": "top", "designator": "A1", "mpn": null, "pack": "TPS2456ARHHR", "value": "TPS2456ARHHR", "mount_type": "tht", "place": true}, {"pos_x": 110.49, "pos_y": -36.2712, "rotation": 180.0, "side": "top", "designator": "R2", "mpn": null, "pack": "R_0805_2012Metric", "value": "5,1k", "mount_type": "smt", "place": true}, {"pos_x": 83.4136, "pos_y": -36.3474, "rotation": 180.0, "side": "top", "designator": "C_{INB}1", "mpn": null, "pack": "C_0805_2012Metric", "value": "100n", "mount_type": "smt", "place": true}, {"pos_x": 90.0, "pos_y": -24.25, "rotation": 0.0, "side": "top", "designator": "J8", "mpn": null, "pack": "MountingHole_3.5mm_Pad", "value": "Screw_Terminal_01x01", "mount_type": "tht", "place": true}, {"pos_x": 115.0, "pos_y": -24.25, "rotation": 0.0, "side": "top", "designator": "J2", "mpn": null, "pack": "MountingHole_3.5mm_Pad", "value": "Screw_Terminal_01x01", "mount_type": "tht", "place": true}, {"pos_x": 50.419, "pos_y": -29.9212, "rotation": 90.0, "side": "top", "designator": "R_{SENSEB}1", "mpn": null, "pack": "R_0612_1632Metric", "value": "5m 1% 2W", "mount_type": "smt", "place": true}, {"pos_x": 97.9678, "pos_y": -29.7942, "rotation": -90.0, "side": "top", "designator": "R_{SETA}1", "mpn": null, "pack": "R_0805_2012Metric", "value": "680 1%", "mount_type": "smt", "place": true}, {"pos_x": 107.188, "pos_y": -30.734, "rotation": 0.0, "side": "top", "designator": "C_{INA}1", "mpn": null, "pack": "C_0805_2012Metric", "value": "100n", "mount_type": "smt", "place": true}, {"pos_x": 106.5784, "pos_y": -33.7058, "rotation": -90.0, "side": "top", "designator": "R_{G2A}1", "mpn": null, "pack": "R_0805_2012Metric", "value": "10", "mount_type": "smt", "place": true}, {"pos_x": 136.817, "pos_y": -28.1178, "rotation": 90.0, "side": "top", "designator": "J9", "mpn": null, "pack": "691323300002", "value": "691323300002", "mount_type": "tht", "place": true}, {"pos_x": 35.6108, "pos_y": -32.4319, "rotation": 180.0, "side": "top", "designator": "R7", "mpn": null, "pack": "R_0805_2012Metric", "value": "330k", "mount_type": "smt", "place": true}, {"pos_x": 118.745, "pos_y": -35.56, "rotation": -90.0, "side": "top", "designator": "C1", "mpn": null, "pack": "C_0805_2012Metric", "value": "47nf", "mount_type": "smt", "place": true}, {"pos_x": 98.5, "pos_y": -24.25, "rotation": 0.0, "side": "top", "designator": "J3", "mpn": null, "pack": "MountingHole_3.5mm_Pad", "value": "Screw_Terminal_01x01", "mount_type": "tht", "place": true}, {"pos_x": 132.3594, "pos_y": -33.655, "rotation": 90.0, "side": "bottom", "designator": "D1", "mpn": null, "pack": "D_SMB", "value": "SM6T12A", "mount_type": "smt", "place": true}]